
/*CREACION DE BASE DE DATOS LLAMADA  [VETERINARIA_EL_BOSQUE]
VERSION 0.1 */
use [master] 
GO
--drop database [VETERINARIA_EL_BOSQUE]
CREATE DATABASE [VETERINARIA_EL_BOSQUE]
go

use VETERINARIA_EL_BOSQUE
go

/*
CREACION DE TABLA LLAMADA PROVINCIAS
CREACION DE PRIMARY KEY
VERSION: 0.1
*/

--DROP TABLE dbo.PROVINCIAS;
CREATE TABLE dbo.PROVINCIAS
(
	ID_Provincias				INT	NOT NULL,
	Nombre						VARCHAR (20)		NOT NULL
);

/*SE LE ASIGNA LLAME PRIMARIA A LA TABLA PROVINCIAS POR MEDIO DE UN ALTER*/
ALTER TABLE dbo.PROVINCIAS ADD CONSTRAINT PK_PROVINCIAS PRIMARY KEY (ID_Provincias);


/*
CREACION DE TABLA LLAMADA CANTONES
CREACION DE PRIMARY KEY
VERSION: 0.1
*/

--DROP TABLE CANTONES;
CREATE TABLE dbo.CANTONES
(
	ID_Cantones					INT	NOT NULL,
	ID_Provincias				INT 				NOT NULL,
	Nombre						VARCHAR (20)		NOT NULL
);

/*SE LE ASIGNA LLAME PRIMARIA A LA TABLA CANTONES POR MEDIO DE UN ALTER*/
ALTER TABLE dbo.CANTONES ADD CONSTRAINT PK_CANTONES PRIMARY KEY (ID_Cantones);


/*
CREACION DE TABLA LLAMADA DISTRITOS
CREACION DE PRIMARY KEY
VERSION: 0.1
*/

--DROP TABLE DISTRITOS;
CREATE TABLE dbo.DISTRITOS
(
	ID_Distritos				INT	NOT NULL,
	ID_Cantones					INT 				NOT NULL,
	Nombre						VARCHAR (30)		NOT NULL
);

/*SE LE ASIGNA LLAME PRIMARIA A LA TABLA PROVINCIAS POR MEDIO DE UN ALTER*/
ALTER TABLE dbo.DISTRITOS ADD CONSTRAINT PK_DISTRITOS PRIMARY KEY (ID_Distritos);


/*
CREACION DE TABLA LLAMADA SERVICIOS_EXPRESS
CREACION DE PRIMARY KEY
VERSION: 0.1
*/
CREATE TABLE dbo.SERVICIOS_EXPRESS
(
	ID_Servicios				INT	IDENTITY(1,1)	NOT NULL,
	ID_Factura					INT 				NOT NULL,
	Descripcion					VARCHAR (150)		NULL,
	Estado						INT		NOT NULL
);

/*SE LE ASIGNA LLAME PRIMARIA A LA TABLA SERVICIOS_EXPRESS POR MEDIO DE UN ALTER*/
ALTER TABLE dbo.SERVICIOS_EXPRESS ADD CONSTRAINT PK_SERVICIOS_EXPRESS PRIMARY KEY (ID_Servicios);


/*
CREACION DE TABLA LLAMADA CREDITOS
CREACION DE PRIMARY KEY
VERSION: 0.1
*/
CREATE TABLE dbo.CREDITOS
(
	ID_Creditos					INT	IDENTITY(1,1)	NOT NULL,
	ID_Factura					INT 				NOT NULL,
	Monto_Anterior				DECIMAL (10,2)		NULL,
	Monto_Actual				DECIMAL (10,2)		NULL
);

/*SE LE ASIGNA LLAME PRIMARIA A LA TABLA SERVICIOS_EXPRESS POR MEDIO DE UN ALTER*/
ALTER TABLE dbo.CREDITOS ADD CONSTRAINT PK_CREDITOS PRIMARY KEY (ID_Creditos);


/*
CREACION DE TABLA LLAMADA PERSONAL
CREACION DE PRIMARY KEY
VERSION: 0.1
*/
CREATE TABLE dbo.PERSONAL
(
	ID_Personal					INT	IDENTITY(1,1)	NOT NULL,
	ID_Puesto					INT 				NULL,
	Cedula						VARCHAR (20)        NOT NULL, -- UNIQUE --
	Nombre						VARCHAR (30)		NOT NULL,
	Apellido_1				    VARCHAR (30)		NULL,
	Apellido_2					VARCHAR (30)		NULL,
	Salario_Hora				DECIMAL (10,2)		NULL,
	Salario_Mensual				DECIMAL (10,2)		NULL,
	Fecha_Contratacion			DATE				NULL,
	created_at					DATETIME NOT NULL
                DEFAULT CURRENT_TIMESTAMP, 
	Estado						INT		NOT NULL
);

/*SE LE ASIGNA LLAME PRIMARIA A LA TABLA SERVICIOS_EXPRESS POR MEDIO DE UN ALTER*/
ALTER TABLE dbo.PERSONAL ADD CONSTRAINT PK_PERSONAL PRIMARY KEY (ID_Personal);

--alter table PERSONAL drop constraint Cedula
ALTER TABLE PERSONAL
ADD CONSTRAINT UNIQ_PersonalCedula UNIQUE (Cedula);


/*
CREACION DE TABLA LLAMADA PUESTOS
CREACION DE PRIMARY KEY
VERSION: 0.1
*/
CREATE TABLE dbo.PUESTOS
(
	ID_Puestos					INT					NOT NULL,
	ID_Departamento				INT 				NOT NULL,
	Nombre						VARCHAR (30)		NOT NULL,
	Salario_Base				DECIMAL (10,2)		NULL,
	Descripcion					VARCHAR (30)		NULL
);

/*SE LE ASIGNA LLAME PRIMARIA A LA TABLA SERVICIOS_EXPRESS POR MEDIO DE UN ALTER*/
ALTER TABLE dbo.PUESTOS ADD CONSTRAINT PK_PUESTOS PRIMARY KEY (ID_Puestos);


/*
CREACION DE TABLA LLAMADA NOMINA
CREACION DE PRIMARY KEY
VERSION: 0.1
*/
CREATE TABLE dbo.NOMINA
(
	ID_Nomina					INT	IDENTITY(1,1)	NOT NULL,
	Nombre						VARCHAR (30)		NOT NULL,
	Fecha_Inicio				DATE				NOT NULL,
	Fecha_Fin					DATE				NOT NULL,
	Descripcion					VARCHAR (50)		NULL
);

/*SE LE ASIGNA LLAME PRIMARIA A LA TABLA SERVICIOS_EXPRESS POR MEDIO DE UN ALTER*/
ALTER TABLE dbo.NOMINA ADD CONSTRAINT PK_NOMINA PRIMARY KEY (ID_Nomina);


/*
CREACION DE TABLA LLAMADA NOMINA_PERSONAL
CREACION DE PRIMARY KEY
VERSION: 0.1
*/
CREATE TABLE dbo.NOMINA_PERSONAL
(
	ID_Nomina_Personal			INT	IDENTITY(1,1)	NOT NULL,
	ID_Nomina					INT					NOT NULL,
	ID_Personal					INT					NOT NULL,
	Total_Horas					DECIMAL (10,2)		NULL,
	Salario_Bruto				DECIMAL (10,2)		NULL,
	Salario_Neto				DECIMAL (10,2)		NULL
);

/*SE LE ASIGNA LLAME PRIMARIA A LA TABLA SERVICIOS_EXPRESS POR MEDIO DE UN ALTER*/
ALTER TABLE dbo.NOMINA_PERSONAL ADD CONSTRAINT PK_NOMINA_PERSONAL PRIMARY KEY (ID_Nomina_Personal);


/*
CREACION DE TABLA LLAMADA MARCAS
CREACION DE PRIMARY KEY
VERSION: 0.1
*/
CREATE TABLE dbo.MARCAS
(
	ID_Marcas			INT	IDENTITY(1,1)	NOT NULL,
	ID_Personal			INT					NOT NULL,
	Fecha				DATE				NOT NULL,
	Hora				TIME				NOT NULL,
	Tipo				tinyint					NULL
);

/*SE LE ASIGNA LLAME PRIMARIA A LA TABLA SERVICIOS_EXPRESS POR MEDIO DE UN ALTER*/
ALTER TABLE dbo.MARCAS ADD CONSTRAINT PK_MARCAS PRIMARY KEY (ID_Marcas);

CREATE TABLE dbo.TIPO_MARCA
(
	ID_Tipo				TINYINT not null,
	Nombre				varchar(20) not null
);

ALTER TABLE TIPO_MARCA ADD CONSTRAINT PK_Tipo_Marca PRIMARY KEY (ID_Tipo);

INSERT INTO TIPO_MARCA (ID_Tipo,Nombre) values
(1,'Entrada'),
(2,'Salida');

ALTER TABLE MARCAS ADD CONSTRAINT FK_TipoMarca_Marcas FOREIGN KEY (Tipo) REFERENCES TIPO_MARCA(ID_Tipo);

/*
CREACION DE TABLA LLAMADA USUARIO_ROL
CREACION DE PRIMARY KEY
VERSION: 0.1
*/
CREATE TABLE dbo.USUARIO_ROL
(
	ID_Usuario_Rol		INT	IDENTITY(1,1)	NOT NULL,
	ID_Usuario			INT					NOT NULL,
	ID_Roles			INT					NOT NULL
);

/*SE LE ASIGNA LLAME PRIMARIA A LA TABLA SERVICIOS_EXPRESS POR MEDIO DE UN ALTER*/
ALTER TABLE dbo.USUARIO_ROL ADD CONSTRAINT PK_USUARIO_ROL PRIMARY KEY (ID_Usuario_Rol);


/*
CREACION DE TABLA LLAMADA USUARIOS
CREACION DE PRIMARY KEY
VERSION: 0.1
*/
CREATE TABLE dbo.USUARIOS
(
	ID_Usuario			INT	IDENTITY(1,1)	NOT NULL,
	ID_Personal			INT					NOT NULL,
	UserName			VARCHAR (20)		NOT NULL,
	Pass				VARCHAR (20)		NOT NULL,
	Created_at			DATETIME NOT NULL
                DEFAULT CURRENT_TIMESTAMP, 
	--Modified_at			Timestamp,
	Last_Login			VARCHAR (20)		NULL,
	Estado				int		NOT NULL
);

/*SE LE ASIGNA LLAME PRIMARIA A LA TABLA SERVICIOS_EXPRESS POR MEDIO DE UN ALTER*/
ALTER TABLE dbo.USUARIOS ADD CONSTRAINT PK_USUARIOS PRIMARY KEY (ID_Usuario);


/*
CREACION DE TABLA LLAMADA REQUISITOS_PUESTO
CREACION DE PRIMARY KEY
VERSION: 0.1
*/
CREATE TABLE dbo.REQUISITOS_PUESTO
(
	ID_Requisitos		INT	IDENTITY(1,1)	NOT NULL,
	ID_Puestos			INT					NOT NULL,
	Nombre				VARCHAR (20)		NOT NULL,
	Descripcion			VARCHAR (50)		NULL
);

/*SE LE ASIGNA LLAME PRIMARIA A LA TABLA SERVICIOS_EXPRESS POR MEDIO DE UN ALTER*/
ALTER TABLE dbo.REQUISITOS_PUESTO ADD CONSTRAINT PK_REQUISITOS_PUESTO PRIMARY KEY (ID_Requisitos);


/*
CREACION DE TABLA LLAMADA CAMPA_AS
CREACION DE PRIMARY KEY
VERSION: 0.1
*/
CREATE TABLE dbo.CAMPA_AS
(
	ID_Campa_as			INT	IDENTITY(1,1)	NOT NULL,
	Nombre				VARCHAR (20)		NOT NULL,
	Fecha_Inicio		DATE				NOT NULL,
	Fecha_Fin			DATE				NOT NULL,
	Cantidad_Pacientes	VARCHAR (50)		NULL,
	ID_Distritos		INT					NOT NULL,
	Descripcion			VARCHAR (150)		NULL,
	Estado				INT		NOT NULL,
);

/*SE LE ASIGNA LLAME PRIMARIA A LA TABLA SERVICIOS_EXPRESS POR MEDIO DE UN ALTER*/
ALTER TABLE dbo.CAMPA_AS ADD CONSTRAINT PK_CAMPA_AS PRIMARY KEY (ID_Campa_as);


/*
CREACION DE TABLA LLAMADA VACACIONES
CREACION DE PRIMARY KEY
VERSION: 0.1
*/
CREATE TABLE dbo.VACACIONES
(
	ID_Vacaciones		INT	IDENTITY(1,1)	NOT NULL,
	ID_Personal			INT					NOT NULL,
	Cantidad			DECIMAL (10,2)		NOT NULL,
	Fecha				DATE				NOT NULL,
	Descripcion			VARCHAR (15)		NULL
);

/*SE LE ASIGNA LLAME PRIMARIA A LA TABLA SERVICIOS_EXPRESS POR MEDIO DE UN ALTER*/
ALTER TABLE dbo.VACACIONES ADD CONSTRAINT PK_VACACIONES PRIMARY KEY (ID_Vacaciones);


/*
CREACION DE TABLA LLAMADA ROLES
CREACION DE PRIMARY KEY
VERSION: 0.1
*/
CREATE TABLE dbo.ROLES
(
	ID_Roles			INT					NOT NULL,
	Nombre				VARCHAR (40)		NOT NULL,
	Descripcion			VARCHAR (100)		NULL,
	Estado				int		NULL
);

/*SE LE ASIGNA LLAME PRIMARIA A LA TABLA SERVICIOS_EXPRESS POR MEDIO DE UN ALTER*/
ALTER TABLE dbo.ROLES ADD CONSTRAINT PK_ROLES PRIMARY KEY (ID_Roles);


/*
CREACION DE TABLA LLAMADA TABLAS
CREACION DE PRIMARY KEY
VERSION: 0.1
*/
CREATE TABLE dbo.TABLAS
(
	ID_Tabla			INT	NOT NULL,
	Nombre				VARCHAR (30)		NOT NULL,
);

/*SE LE ASIGNA LLAME PRIMARIA A LA TABLA SERVICIOS_EXPRESS POR MEDIO DE UN ALTER*/
ALTER TABLE dbo.TABLAS ADD CONSTRAINT PK_TABLAS PRIMARY KEY (ID_Tabla);


/*
CREACION DE TABLA LLAMADA ESTADOS_TABLAS
CREACION DE PRIMARY KEY
VERSION: 0.1
*/

CREATE TABLE dbo.ESTADOS_TABLAS
(
	ID_Estados			INT					NOT NULL,
	ID_Tabla			INT					NOT NULL
);



/*
CREACION DE TABLA LLAMADA ESTADOS
CREACION DE PRIMARY KEY
VERSION: 0.1
*/
CREATE TABLE dbo.ESTADOS
(
	ID_Estados			INT	NOT NULL,
	Nombre				VARCHAR (30)		NOT NULL,
	Descripcion			VARCHAR (100)		NULL
);

/*SE LE ASIGNA LLAME PRIMARIA A LA TABLA SERVICIOS_EXPRESS POR MEDIO DE UN ALTER*/
ALTER TABLE dbo.ESTADOS ADD CONSTRAINT PK_ESTADOS PRIMARY KEY (ID_Estados);


/*
CREACION DE TABLA LLAMADA CAMPA_AS_PARTICIPANTES
CREACION DE PRIMARY KEY
VERSION: 0.1
*/
CREATE TABLE dbo.CAMPA_AS_PARTICIPANTES
(
	ID_Campa_as_Participantes			INT	IDENTITY(1,1)	NOT NULL,
	ID_Campa_as							INT					NOT NULL,
	ID_Cliente							INT					NOT NULL,
	Fecha								Timestamp			null
);

/*SE LE ASIGNA LLAME PRIMARIA A LA TABLA SERVICIOS_EXPRESS POR MEDIO DE UN ALTER*/
ALTER TABLE dbo.CAMPA_AS_PARTICIPANTES ADD CONSTRAINT PK_CAMPA_AS_PARTICIPANTES PRIMARY KEY (ID_Campa_as_Participantes);

/*
CREACION DE TABLA LLAMADA ANUNCIOS_ENVIADOS
CREACION DE PRIMARY KEY
VERSION: 0.1
*/
CREATE TABLE dbo.ANUNCIOS_ENVIADOS
(
	ID_Anuncios_Enviados			INT	IDENTITY(1,1)	NOT NULL,
	ID_Anuncios						INT					NOT NULL,
	ID_Cliente						INT					NOT NULL,
	Fecha							TIMESTAMP
);

/*SE LE ASIGNA LLAME PRIMARIA A LA TABLA SERVICIOS_EXPRESS POR MEDIO DE UN ALTER*/
ALTER TABLE dbo.ANUNCIOS_ENVIADOS ADD CONSTRAINT PK_ANUNCIOS_ENVIADOS PRIMARY KEY (ID_Anuncios_Enviados);


/*
CREACION DE TABLA LLAMADA ANUNCIOS
CREACION DE PRIMARY KEY
VERSION: 0.1
*/
CREATE TABLE dbo.ANUNCIOS
(
	ID_Anuncios			INT	IDENTITY(1,1)	NOT NULL,
	Nombre				VARCHAR (30)		NOT NULL,
	Descripcion			VARCHAR (100)		NULL,
	Estado				int		NOT NULL
);

/*SE LE ASIGNA LLAME PRIMARIA A LA TABLA SERVICIOS_EXPRESS POR MEDIO DE UN ALTER*/
ALTER TABLE dbo.ANUNCIOS ADD CONSTRAINT PK_ANUNCIOS PRIMARY KEY (ID_Anuncios);


/*
CREACION DE TABLA LLAMADA RECLUTAMIENTO
CREACION DE PRIMARY KEY
VERSION: 0.1
*/
CREATE TABLE dbo.RECLUTAMIENTO
(
	ID_Reclutamiento	INT	IDENTITY(1,1)	NOT NULL,
	ID_Puestos			INT					NOT NULL,
	Nombre				VARCHAR (30)		NOT NULL,
	Descripcion			VARCHAR (100)		NULL,
	Estado				INT		NOT NULL
);

/*SE LE ASIGNA LLAME PRIMARIA A LA TABLA SERVICIOS_EXPRESS POR MEDIO DE UN ALTER*/
ALTER TABLE dbo.RECLUTAMIENTO ADD CONSTRAINT PK_RECLUTAMIENTO PRIMARY KEY (ID_Reclutamiento);


/*
CREACION DE TABLA LLAMADA REQUISITOS_PARTICIPANTES
CREACION DE PRIMARY KEY
VERSION: 0.1
*/
CREATE TABLE dbo.REQUISITOS_PARTICIPANTES
(
	ID_Requisitos_Participantes		INT	IDENTITY(1,1)	NOT NULL,
	ID_Requisitos					INT					NOT NULL,
	ID_Participantes				INT					NOT NULL,
	Nombre							VARCHAR (30)		NOT NULL,
	Descripcion						VARCHAR (100)		NULL
);

/*SE LE ASIGNA LLAME PRIMARIA A LA TABLA SERVICIOS_EXPRESS POR MEDIO DE UN ALTER*/
ALTER TABLE dbo.REQUISITOS_PARTICIPANTES ADD CONSTRAINT PK_REQUISITOS_PARTICIPANTES PRIMARY KEY (ID_Requisitos_Participantes);


/*
CREACION DE TABLA LLAMADA PARTICIPANTES
CREACION DE PRIMARY KEY
VERSION: 0.1
*/
CREATE TABLE dbo.PARTICIPANTES
(
	ID_Participantes		INT	IDENTITY(1,1)	NOT NULL,
	ID_Reclutamiento		INT					NOT NULL,
	Cedula_					VARCHAR (20)        NOT NULL, -- UNIQUE --
	Nombre					VARCHAR (30)		NOT NULL,
	Apellido_1				VARCHAR (30)		NOT NULL,
	Apellido_2				VARCHAR (30)		NOT NULL,
	Correo					VARCHAR (100)		NOT NULL,
	Telefono				VARCHAR (8)		    NULL,
	ID_Provincia			INT					NOT NULL, --FK
	ID_Canton				INT					NOT NULL, --FK
	ID_Distrito				INT					NOT NULL, --FK
	Direccion				VARCHAR (150)		NULL,
	Estado					INT					NOT NULL
);

/*SE LE ASIGNA LLAME PRIMARIA A LA TABLA SERVICIOS_EXPRESS POR MEDIO DE UN ALTER*/
ALTER TABLE dbo.PARTICIPANTES ADD CONSTRAINT PK_PARTICIPANTES PRIMARY KEY (ID_Participantes);


--ALTER TABLE PARTICIPANTES DROP CONSTRAINT UNIQ_Cedula_;
ALTER TABLE PARTICIPANTES
ADD CONSTRAINT UNIQ_Cedula_ID_Reclutamiento UNIQUE (Cedula_,ID_Reclutamiento);



/*
CREACION DE TABLA LLAMADA PRUEBAS
CREACION DE PRIMARY KEY
VERSION: 0.1
*/
CREATE TABLE dbo.PRUEBAS
(
	ID_Pruebas					INT	IDENTITY(1,1)	NOT NULL,
	Nombre						VARCHAR (30)		NOT NULL,
	Descripcion					VARCHAR (100)		NULL
);

/*SE LE ASIGNA LLAME PRIMARIA A LA TABLA SERVICIOS_EXPRESS POR MEDIO DE UN ALTER*/
ALTER TABLE dbo.PRUEBAS ADD CONSTRAINT PK_PRUEBAS PRIMARY KEY (ID_Pruebas);


/*
CREACION DE TABLA LLAMADA PRUEBAS_PARTICIPANTES
CREACION DE PRIMARY KEY
VERSION: 0.1
*/
CREATE TABLE dbo.PRUEBAS_PARTICIPANTES
(
	ID_Pruebas_Participantes	INT	IDENTITY(1,1)	NOT NULL,
	ID_Pruebas					INT					NOT NULL,
	ID_Participantes			INT					NOT NULL,
	Nota						DECIMAL (3,2)	DEFAULT 0	NULL
);

/*SE LE ASIGNA LLAME PRIMARIA A LA TABLA SERVICIOS_EXPRESS POR MEDIO DE UN ALTER*/
ALTER TABLE dbo.PRUEBAS_PARTICIPANTES ADD CONSTRAINT PK_PRUEBAS_PARTICIPANTES PRIMARY KEY (ID_Pruebas_Participantes);


-----------------------------------------------------------------------------------------------------------------------------


/* 
CREACION DE TABLA FACTURA_COMPRA
CREACION DE PK
VERSION 0.1
*/
CREATE TABLE dbo.FACTURA_COMPRA
(
	ID_Factura_Compra		INT	IDENTITY (1,1)	NOT NULL,
	ID_Solicitud_Compra		INT				    NOT NULL,
	Numero_Factura			INT UNIQUE			NOT NULL,		
	Referencia_Bancaria		VARCHAR (50)	    NULL,
	Fecha					DATE				NOT NULL,
	Descripcion				VARCHAR (100)		NULL,
	Total 					DECIMAL (10,2)		NOT NULL
);

-- ASIGNACION DE PK A LA TABLA POR MEDIO DE UN ALTER
Alter table dbo.FACTURA_COMPRA ADD CONSTRAINT PK_FACTURA_COMPRA PRIMARY KEY (ID_Factura_Compra);


/* 
CREACION DE TABLA SOLICITUD_COMPRA
CREACION DE PK
VERSION 0.1
*/
CREATE TABLE dbo.SOLICITUD_COMPRA
(
	ID_Solicitud_Compra  INT IDENTITY (1,1) NOT NULL,
	Encabezado			 VARCHAR (50)		NOT NULL,
	Descripcion          VARCHAR (100)		NULL,
	Estado			     INT				NOT NULL
);

-- ASIGNACION DE PK A LA TABLA POR MEDIO DE UN ALTER
Alter table dbo.SOLICITUD_COMPRA ADD CONSTRAINT PK_SOLICITUD_COMPRA PRIMARY KEY (ID_Solicitud_Compra);


/* 
CREACION DE TABLA SOLICITUD_ARTICULOS
CREACION DE PK
VERSION 0.1
*/
CREATE TABLE dbo.SOLICITUD_ARTICULOS
(
	ID_Solicitud_Articulos	 INT IDENTITY (1,1)  NOT NULL,
	ID_Articulo_Proveedor    INT				NOT NULL,
	ID_Solicitud_Compra		 INT				NOT NULL,
	Descripcion		         VARCHAR (100)		NULL,
	Cantidad				 DECIMAL (10,2)		NOT NULL
);

-- ASIGNACION DE PK A LA TABLA POR MEDIO DE UN ALTER
Alter table dbo.SOLICITUD_ARTICULOS ADD CONSTRAINT PK_SOLICITUD_ARTICULOS PRIMARY KEY (ID_Solicitud_Articulos);

/* 
CREACION DE TABLA ARTICULOS_PROVEEDOR
CREACION DE PK
VERSION 0.1
*/
CREATE TABLE dbo.ARTICULOS_PROVEEDOR
(
	ID_Articulos_Proveedor  INT IDENTITY (1,1)  NOT NULL,
	ID_Proveedor			INT				   NOT NULL,
	ID_Articulos			INT				   NOT NULL,
	Descripcion				VARCHAR (100)       NOT NULL
);

-- ASIGNACION DE PK A LA TABLA POR MEDIO DE UN ALTER
Alter table dbo.ARTICULOS_PROVEEDOR ADD CONSTRAINT PK_ARTICULOS_PROVEEDOR PRIMARY KEY (ID_Articulos_Proveedor);

/* 
CREACION DE TABLA PROVEEDOR
CREACION DE PK
VERSION 0.1
*/
CREATE TABLE dbo.PROVEEDOR
(
	ID_Proveedor	        INT IDENTITY (1,1) NOT NULL,
	Nombre					VARCHAR (50)	   NOT NULL,
	Descripcion			    VARCHAR (100)	   NULL
);

-- ASIGNACION DE PK A LA TABLA POR MEDIO DE UN ALTER
Alter table dbo.PROVEEDOR ADD CONSTRAINT PK_PROVEEDOR PRIMARY KEY (ID_Proveedor);

/* 
CREACION DE TABLA PRUEBAS_LABORATORIO
CREACION DE PK
VERSION 0.1
*/
CREATE TABLE dbo.PRUEBAS_LABORATORIO
(
	ID_Pruebas_Laboratorio  INT IDENTITY (1,1) NOT NULL,
	Nombre					VARCHAR	(50)	   NOT NULL,
	Descripcion				VARCHAR (100)	   NULL,
	CreateAt				DATETIME NOT NULL
                DEFAULT CURRENT_TIMESTAMP		
);

-- ASIGNACION DE PK A LA TABLA POR MEDIO DE UN ALTER
Alter table dbo.PRUEBAS_LABORATORIO ADD CONSTRAINT PK_PRUEBAS_LABORATORIO PRIMARY KEY (ID_Pruebas_Laboratorio);

/* 
CREACION DE TABLA RESULTADO_LABORATORIO
CREACION DE PK
VERSION 0.1
*/
CREATE TABLE dbo.RESULTADO_LABORATORIO
(
	ID_Resultado_Laboratorio INT IDENTITY (1,1) NOT NULL,
	ID_Pruebas_Laboratorio	 INT			    NOT NULL,
	ID_Cita					 INT			    NOT NULL,
	Resultado				 VARCHAR (50)       NOT NULL,
	Estado					 int			    NULL,
	CreateAt				 DATETIME NOT NULL
                DEFAULT CURRENT_TIMESTAMP
);

-- ASIGNACION DE PK A LA TABLA POR MEDIO DE UN ALTER
Alter table dbo.RESULTADO_LABORATORIO ADD CONSTRAINT PK_RESULTADO_LABORATORIO PRIMARY KEY (ID_Resultado_Laboratorio);

/* 
CREACION DE TABLA SERVICIOS
CREACION DE PK
VERSION 0.1
*/
CREATE TABLE dbo.SERVICIOS
(
	ID_Servicios		    INT IDENTITY (1,1) NOT NULL,
	Nombre					VARCHAR (50)	   NOT NULL,
	Descripcion             VARCHAR (100)	   NULL,
	Precio					DECIMAL (10,2)	   NOT NULL
);

-- ASIGNACION DE PK A LA TABLA POR MEDIO DE UN ALTER
Alter table dbo.SERVICIOS ADD CONSTRAINT PK_SERVICIOS PRIMARY KEY (ID_Servicios);

/* 
CREACION DE TABLA DETALLE_ARTICULOS
CREACION DE PK
VERSION 0.1
*/
CREATE TABLE dbo.DETALLE_ARTICULOS
(
	ID_Detalle_Articulos	INT IDENTITY (1,1) NOT NULL,
	ID_Factura				INT				   NOT NULL,
	ID_Articulos			INT			       NOT NULL,
	Cantidad				DECIMAL (10,2)	   NOT NULL
);

-- ASIGNACION DE PK A LA TABLA POR MEDIO DE UN ALTER
Alter table dbo.DETALLE_ARTICULOS ADD CONSTRAINT PK_DETALLE_ARTICULOS PRIMARY KEY (ID_Detalle_Articulos);

/* 
CREACION DE TABLA INVENTARIO
CREACION DE PK
VERSION 0.1
*/
CREATE TABLE dbo.INVENTARIO
(
	ID_Inventario		    INT IDENTITY (1,1)	NOT NULL,
	ID_Articulos			INT					NOT NULL,
	Cantidad				DECIMAL (10,2)		NOT NULL,
	Estado					int		NOT NULL,				
);

-- ASIGNACION DE PK A LA TABLA POR MEDIO DE UN ALTER
Alter table dbo.INVENTARIO ADD CONSTRAINT PK_INVENTARIO PRIMARY KEY (ID_Inventario);

/* 
CREACION DE TABLA ARTICULOS
CREACION DE PK
VERSION 0.1
*/
CREATE TABLE dbo.ARTICULOS
(
	ID_Articulos			INT IDENTITY(1,1)  NOT NULL,
	Nombre					VARCHAR(50)		   NOT NULL,
	Descripcion		        VARCHAR(100)	   NULL,
	Precio					DECIMAL (10,2)	   NOT NULL,
	Estado				    int      NOT NULL,
);

-- ASIGNACION DE PK A LA TABLA POR MEDIO DE UN ALTER
Alter table dbo.ARTICULOS ADD CONSTRAINT PK_ARTICULOS PRIMARY KEY (ID_Articulos);

/* 
CREACION DE TABLA TIPO_CONSULTORIO
CREACION DE PK
VERSION 0.1
*/
CREATE TABLE dbo.TIPO_CONSULTORIO
(
	ID_Tipo_Consultorio	   INT IDENTITY (1,1)  NOT NULL,
	Nombre					VARCHAR (50)	   NOT NULL,
	Descripcion		        VARCHAR (100)	   NULL,
	CreateAt				DATETIME NOT NULL
                DEFAULT CURRENT_TIMESTAMP
);

-- ASIGNACION DE PK A LA TABLA POR MEDIO DE UN ALTER
Alter table dbo.TIPO_CONSULTORIO ADD CONSTRAINT PK_TIPO_CONSULTORIO PRIMARY KEY (ID_Tipo_Consultorio);

/* 
CREACION DE TABLA CONSULTORIO
CREACION DE PK
VERSION 0.1
*/
CREATE TABLE dbo.CONSULTORIO
(
	ID_Consultorio		    INT IDENTITY (1,1) NOT NULL,
	ID_Tipo_Consultorio		INT			       NOT NULL,
	ID_Personal				INT				   NOT NULL,
	Nombre					VARCHAR (50)	   NOT NULL,
	Descripcion		        VARCHAR (100)	   NULL,
	CreateAt				DATETIME NOT NULL
                DEFAULT CURRENT_TIMESTAMP
);

-- ASIGNACION DE PK A LA TABLA POR MEDIO DE UN ALTER
Alter table dbo.CONSULTORIO ADD CONSTRAINT PK_CONSULTORIO PRIMARY KEY (ID_Consultorio);

/* 
CREACION DE TABLA DETALLE_SERVICIO
CREACION DE PK
VERSION 0.1
*/
CREATE TABLE dbo.DETALLE_SERVICIO
(
	ID_Detalle_Servicio     INT IDENTITY (1,1) NOT NULL,	
	ID_Factura				INT			       NOT NULL,
	ID_Servicios			INT			       NOT NULL,
	ID_Cita					INT			       NOT NULL,
	Cantidad				INT			       NULL,
);

-- ASIGNACION DE PK A LA TABLA POR MEDIO DE UN ALTER
Alter table dbo.DETALLE_SERVICIO ADD CONSTRAINT PK_DETALLE_SERVICIO PRIMARY KEY (ID_Detalle_Servicio);

/* 
CREACION DE TABLA DESPACHO
CREACION DE PK
VERSION 0.1
*/
CREATE TABLE dbo.DESPACHO
(
	ID_Despacho             INT IDENTITY (1,1) NOT NULL,	
	ID_Factura				INT			       NOT NULL,
	Fecha					DATE			   NULL,
	Estado				    INT       NOT NULL,
);

-- ASIGNACION DE PK A LA TABLA POR MEDIO DE UN ALTER
Alter table dbo.DESPACHO ADD CONSTRAINT PK_DESPACHO PRIMARY KEY (ID_Despacho);

/* 
CREACION DE TABLA FACTURA_PROMOCION
CREACION DE PK
VERSION 0.1
*/
CREATE TABLE dbo.FACTURA_PROMOCION
(
	ID_Factura_Promocion	INT IDENTITY (1,1) NOT NULL,
	ID_Promocion			INT			       NOT NULL,
	ID_Factura				INT			       NOT NULL,
);

-- ASIGNACION DE PK A LA TABLA POR MEDIO DE UN ALTER
Alter table dbo.FACTURA_PROMOCION ADD CONSTRAINT PK_FACTURA_PROMOCION PRIMARY KEY (ID_Factura_Promocion);

/* 
CREACION DE TABLA PROMOCIONES
CREACION DE PK
VERSION 0.1
*/
CREATE TABLE dbo.PROMOCIONES
(
	ID_Promocion			INT IDENTITY (1,1) NOT NULL,
	Nombre					VARCHAR (50)	   NOT NULL,
	Fecha_Inicio			DATE			   NOT NULL,
	Fecha_Fin				DATE			   NOT NULL,
	Descuento				DECIMAL (10,2)     NULL,
	Descripcion				VARCHAR (100)      NULL,
	Estado				    int       NOT NULL,
);

-- ASIGNACION DE PK A LA TABLA POR MEDIO DE UN ALTER
Alter table dbo.PROMOCIONES ADD CONSTRAINT PK_PROMOCIONES PRIMARY KEY (ID_Promocion);

/* 
CREACION DE TABLA TIPO_ANIMAL
CREACION DE PK
VERSION 0.1
*/
CREATE TABLE dbo.TIPO_ANIMAL
(
	ID_Tipo_Animal			INT IDENTITY (1,1) NOT NULL,
	Tipo					VARCHAR (50)       NOT NULL
);

-- ASIGNACION DE PK A LA TABLA POR MEDIO DE UN ALTER
Alter table dbo.TIPO_ANIMAL ADD CONSTRAINT PK_TIPO_ANIMAL PRIMARY KEY (ID_Tipo_Animal);

/* 
CREACION DE TABLA MASCOTAS
CREACION DE PK
VERSION 0.1
*/

--drop table dbo.MASCOTAS
CREATE TABLE dbo.MASCOTAS
(
	ID_Mascota			    INT IDENTITY (1,1) NOT NULL,
	ID_Cliente				INT				   NOT NULL,
	Nombre					VARCHAR (50)       NOT NULL,
	Tipo_Animal				INT				   NOT NULL,
	Raza					VARCHAR (50)       NOT NULL,
	Sexo					Varchar (30)		NULL,
	Edad					INT					NULL,
	Peso					DECIMAL (10,2)		NULL,
	Tamaño					DECIMAL (10,2)		NULL,
	Estado				    INT					NOT NULL,
);

-- ASIGNACION DE PK A LA TABLA POR MEDIO DE UN ALTER
Alter table dbo.MASCOTAS ADD CONSTRAINT PK_MASCOTAS PRIMARY KEY (ID_Mascota);

/* 
CREACION DE TABLA MOTIVO_CITA
CREACION DE PK
VERSION 0.1
*/
CREATE TABLE dbo.MOTIVO_CITA
(
	ID_Motivo_Cita			INT IDENTITY (1,1) NOT NULL,
	Nombre					VARCHAR (50)       NOT NULL,
	Descripcion				VARCHAR (100)      NULL,
	CreateAt				DATETIME NOT NULL
                DEFAULT CURRENT_TIMESTAMP
);

-- ASIGNACION DE PK A LA TABLA POR MEDIO DE UN ALTER
Alter table dbo.MOTIVO_CITA ADD CONSTRAINT PK_MOTIVO_CITA PRIMARY KEY (ID_Motivo_Cita);

/* 
CREACION DE TABLA CITAS
CREACION DE PK
VERSION 0.1
*/
CREATE TABLE dbo.CITAS
(
	ID_Cita				    INT IDENTITY (1,1) NOT NULL,
	ID_Mascota				INT				   NOT NULL,
	ID_Consultorio		    INT				   NOT NULL,
	ID_Motivo_Cita          INT				   NOT NULL,
	Fecha_Inicio			DATE			   NOT NULL,
	Fecha_Fin				DATE			   NOT NULL,
	Hora_Inicio			    TIME			   NOT NULL,
	Hora_Fin				TIME			   NOT NULL,
	Estado					int       NOT NULL,
);

-- ASIGNACION DE PK A LA TABLA POR MEDIO DE UN ALTER
Alter table dbo.CITAS ADD CONSTRAINT PK_CITAS PRIMARY KEY (ID_Cita);

/* 
CREACION DE TABLA FACTURAS
CREACION DE PK
VERSION 0.1
*/

CREATE TABLE dbo.TIPO_PAGO
(
	ID TINYINT NOT NULL,
	Tipo VARCHAR(10) NOT NULL
);

ALTER TABLE TIPO_PAGO ADD CONSTRAINT PK_Tipo_Pago PRIMARY KEY (ID); 

INSERT INTO TIPO_PAGO (ID,Tipo) VALUES
(1,'Contado'),
(2,'Credito');

CREATE TABLE dbo.FACTURAS
(
	ID_Facturas				INT IDENTITY (1,1) NOT NULL,
	ID_Cliente				INT				   NOT NULL,
	ID_Caja					INT				   NOT NULL,
	Numero_Factura			INT	UNIQUE		   NOT NULL,
	Fecha					DATE			   NOT NULL,
	Descripcion				VARCHAR (100)      NULL,
	Total					DECIMAL (10,2)	   NOT NULL,
	Tipo_Pago				TINYINT			   NOT NULL,
	Estado					INT				   NOT NULL	
);

-- ASIGNACION DE PK A LA TABLA POR MEDIO DE UN ALTER
Alter table dbo.FACTURAS ADD CONSTRAINT PK_FACTURAS PRIMARY KEY (ID_Facturas);

ALTER TABLE FACTURAS ADD CONSTRAINT FK_TipoPagoFacturas FOREIGN KEY (Tipo_Pago) REFERENCES TIPO_PAGO(ID);
/* 
CREACION DE TABLA COBROS
CREACION DE PK
VERSION 0.1
*/

CREATE TABLE dbo.METODO_PAGO
(
	ID TINYINT NOT NULL,
	Metodo VARCHAR(10) NOT NULL
);

ALTER TABLE METODO_PAGO ADD CONSTRAINT PK_Metodo_Pago PRIMARY KEY (ID); 

INSERT INTO METODO_PAGO (ID,Metodo) VALUES
(1,'Efectivo'),
(2,'Tarjeta');

CREATE TABLE dbo.COBROS
(
	ID_Cobro				INT IDENTITY (1,1) NOT NULL,
	ID_Caja				    INT				   NOT NULL,
	ID_Factura			    INT				   NOT NULL,
	Metodo_Pago			    TINYINT      NOT NULL,
	Fecha					DATE			   NULL
);

-- ASIGNACION DE PK A LA TABLA POR MEDIO DE UN ALTER
Alter table dbo.COBROS ADD CONSTRAINT PK_COBROS PRIMARY KEY (ID_Cobro);

ALTER TABLE COBROS ADD CONSTRAINT FK_MetodoPagoFacturas FOREIGN KEY (Metodo_Pago) REFERENCES METODO_PAGO(ID);
/* 
CREACION DE TABLA CAJAS
CREACION DE PK
VERSION 0.1
*/
CREATE TABLE dbo.CAJAS
(
	ID_Caja					INT IDENTITY (1,1) NOT NULL,
	ID_Personal				INT				   NOT NULL,
	Nombre				    VARCHAR (50)       NOT NULL,
	Descripcion			    VARCHAR (100)      NULL,
	Estado					INT       NOT NULL,
);

-- ASIGNACION DE PK A LA TABLA POR MEDIO DE UN ALTER
Alter table dbo.CAJAS ADD CONSTRAINT PK_CAJAS PRIMARY KEY (ID_Caja);

/* 
CREACION DE TABLA DEPARTAMENTOS
CREACION DE PK
VERSION 0.1
*/
CREATE TABLE dbo.DEPARTAMENTOS
(	
	ID_Departamento			INT				   NOT NULL,
	Nombre				    VARCHAR (50)       NOT NULL,
	Descripcion			    VARCHAR (100)      NULL,
);

-- ASIGNACION DE PK A LA TABLA POR MEDIO DE UN ALTER
Alter table dbo.DEPARTAMENTOS ADD CONSTRAINT PK_DEPARTAMENTOS PRIMARY KEY (ID_Departamento);

/* 
CREACION DE TABLA CLIENTES
CREACION DE PK
VERSION 0.1
*/
CREATE TABLE dbo.CLIENTES
(
	ID_Cliente				INT IDENTITY (1,1)  NOT NULL,
	Cedula				    VARCHAR (20)		NOT NULL, --UNIQUE
	Nombre					VARCHAR (50)	    NOT NULL,
	Apellido_1				VARCHAR (50)	    NOT NULL,
	Apellido_2				VARCHAR (50)	    NOT NULL,
	Correo				    VARCHAR (50)        NOT NULL,
	Telefono			    VARCHAR (50)        NULL,
	ID_Provincias			INT					NOT NULL,
	ID_Cantones				INT					NOT NULL,
	ID_Distritos		    INT					NOT NULL,
	Direccion		        VARCHAR (150)       NULL,
	Credito				    bit       default 0 NULL,
	Estado					INT       NOT NULL,
);

-- ASIGNACION DE PK A LA TABLA POR MEDIO DE UN ALTER
Alter table dbo.CLIENTES ADD CONSTRAINT PK_CLIENTES PRIMARY KEY (ID_Cliente);

ALTER TABLE CLIENTES
ADD CONSTRAINT UNIQ_ClientesCedula UNIQUE (Cedula);


/* 
CREACION DE TABLA OBSERVACIONES
CREACION DE PK
VERSION 0.1
*/
CREATE TABLE dbo.OBSERVACIONES
(
	ID_Observaciones		INT IDENTITY (1,1)  NOT NULL,
	ID_Cita					INT				   NOT NULL,
	Descripcion			    VARCHAR (100)      NULL,
	CreateAt				DATETIME NOT NULL
                DEFAULT CURRENT_TIMESTAMP
);

-- ASIGNACION DE PK A LA TABLA POR MEDIO DE UN ALTER
Alter table dbo.OBSERVACIONES ADD CONSTRAINT PK_OBSERVACIONES PRIMARY KEY (ID_Observaciones);

/* 
CREACION DE TABLA RECETAS
CREACION DE PK
VERSION 0.1
*/
CREATE TABLE dbo.RECETAS
(
	ID_Receta				INT IDENTITY (1,1) NOT NULL,
	ID_Cita				    INT				   NOT NULL,
	Descripcion			    VARCHAR (100)      NULL,
	CreateAt				DATETIME NOT NULL
                DEFAULT CURRENT_TIMESTAMP
);

-- ASIGNACION DE PK A LA TABLA POR MEDIO DE UN ALTER
Alter table dbo.RECETAS ADD CONSTRAINT PK_RECETAS PRIMARY KEY (ID_Receta);

-- Creacion de FKs

ALTER TABLE CLIENTES
ADD CONSTRAINT FK_ProvinciaClientes
FOREIGN KEY (ID_Provincias) REFERENCES PROVINCIAS(ID_Provincias);

ALTER TABLE CANTONES
ADD CONSTRAINT FK_ProvinciaCantones
FOREIGN KEY (ID_Provincias) REFERENCES PROVINCIAS(ID_Provincias); 

ALTER TABLE CLIENTES
ADD CONSTRAINT FK_ClientesCantones
FOREIGN KEY (ID_Cantones) REFERENCES CANTONES(ID_Cantones);

ALTER TABLE DISTRITOS
ADD CONSTRAINT FK_CantonesDistritos
FOREIGN KEY (ID_Cantones) REFERENCES CANTONES(ID_Cantones); 

ALTER TABLE CLIENTES
ADD CONSTRAINT FK_DistritosClientes
FOREIGN KEY (ID_Distritos) REFERENCES DISTRITOS(ID_Distritos);

ALTER TABLE MASCOTAS
ADD CONSTRAINT FK_ClientesMascotas
FOREIGN KEY (ID_Cliente) REFERENCES CLIENTES(ID_Cliente);

ALTER TABLE MASCOTAS
ADD CONSTRAINT FK_TipoAnimalMascotas
FOREIGN KEY (Tipo_Animal) REFERENCES TIPO_ANIMAL(ID_Tipo_Animal);


ALTER TABLE CONSULTORIO
ADD CONSTRAINT FK_TipoConsultorioConsultorio
FOREIGN KEY (ID_Tipo_Consultorio) REFERENCES TIPO_CONSULTORIO(ID_Tipo_Consultorio);

ALTER TABLE CONSULTORIO
ADD CONSTRAINT FK_PersonalConsultorio
FOREIGN KEY (ID_Personal) REFERENCES PERSONAL(ID_Personal);

--alter table RESULTADO_LABORATORIO drop CONSTRAINT FK_PersonalResultadoLaboratorio;
ALTER TABLE RESULTADO_LABORATORIO
ADD CONSTRAINT FK_PruebasLaboratorioResultadoLaboratorio
FOREIGN KEY (ID_Pruebas_Laboratorio) REFERENCES PRUEBAS_LABORATORIO(ID_Pruebas_Laboratorio);

ALTER TABLE RESULTADO_LABORATORIO
ADD CONSTRAINT FK_CitasResultadoLaboratorio
FOREIGN KEY (ID_Cita) REFERENCES CITAS(ID_Cita);

ALTER TABLE DETALLE_SERVICIO
ADD CONSTRAINT FK_ServiciosDetalleServicio
FOREIGN KEY (ID_Servicios) REFERENCES SERVICIOS(ID_Servicios);

ALTER TABLE DETALLE_SERVICIO
ADD CONSTRAINT FK_FacturasDetalleServicio
FOREIGN KEY (ID_Factura) REFERENCES FACTURAS(ID_Facturas);

ALTER TABLE DETALLE_SERVICIO
ADD CONSTRAINT FK_CitasDetalleServicio
FOREIGN KEY (ID_Cita) REFERENCES CITAS(ID_Cita);

ALTER TABLE FACTURA_COMPRA
ADD CONSTRAINT FK_SolicitudCompraFactura_Compra
FOREIGN KEY (ID_Solicitud_Compra) REFERENCES SOLICITUD_COMPRA(ID_Solicitud_Compra);

ALTER TABLE SOLICITUD_ARTICULOS
ADD CONSTRAINT FK_SolicitudCompraSolicitudArticulos
FOREIGN KEY (ID_Solicitud_Compra) REFERENCES SOLICITUD_COMPRA(ID_Solicitud_Compra);

ALTER TABLE SOLICITUD_ARTICULOS
ADD CONSTRAINT FK_ArticulosProveedorSolicitudArticulos
FOREIGN KEY (ID_Articulo_Proveedor) REFERENCES ARTICULOS_PROVEEDOR(ID_Articulos_Proveedor);

ALTER TABLE ARTICULOS_PROVEEDOR
ADD CONSTRAINT FK_ProveedoresArticulosProveedor
FOREIGN KEY (ID_Proveedor) REFERENCES PROVEEDOR(ID_Proveedor);

ALTER TABLE ARTICULOS_PROVEEDOR
ADD CONSTRAINT FK_ArticulosArticulosProveedor
FOREIGN KEY (ID_Articulos) REFERENCES ARTICULOS(ID_Articulos);

ALTER TABLE INVENTARIO
ADD CONSTRAINT FK_ArticulosInventario
FOREIGN KEY (ID_Articulos) REFERENCES ARTICULOS(ID_Articulos);

--alter table DETALLE_ARTICULOS drop CONSTRAINT FK_DetalleArticulosInventario;
ALTER TABLE DETALLE_ARTICULOS
ADD CONSTRAINT FK_InventarioDetalleArticulos
FOREIGN KEY (ID_Articulos) REFERENCES INVENTARIO(ID_Inventario);

ALTER TABLE DETALLE_ARTICULOS
ADD CONSTRAINT FK_FacturasDetalleArticulos
FOREIGN KEY (ID_Factura) REFERENCES FACTURAS(ID_Facturas);

ALTER TABLE OBSERVACIONES
ADD CONSTRAINT FK_CitasObservaciones
FOREIGN KEY (ID_Cita) REFERENCES CITAS(ID_Cita);

ALTER TABLE RECETAS
ADD CONSTRAINT FK_CitasRecetas
FOREIGN KEY (ID_Cita) REFERENCES CITAS(ID_Cita);

ALTER TABLE CITAS
ADD CONSTRAINT FK_MascotaCitas
FOREIGN KEY (ID_Mascota) REFERENCES MASCOTAS(ID_Mascota);

ALTER TABLE CITAS
ADD CONSTRAINT FK_ConsultorioCitas
FOREIGN KEY (ID_Consultorio) REFERENCES CONSULTORIO(ID_Consultorio);

ALTER TABLE CITAS
ADD CONSTRAINT FK_MotivoCitas
FOREIGN KEY (ID_Motivo_Cita) REFERENCES MOTIVO_CITA(ID_Motivo_Cita);

ALTER TABLE FACTURAS
ADD CONSTRAINT FK_ClientesFacturas
FOREIGN KEY (ID_Cliente) REFERENCES CLIENTES(ID_Cliente);

--ALTER TABLE FACTURAS DROP CONSTRAINT  FK_CajaFacturas
--ALTER TABLE FACTURAS
--ADD CONSTRAINT FK_CajaFacturas
--FOREIGN KEY (ID_Caja) REFERENCES CAJAS(ID_Caja);

ALTER TABLE SERVICIOS_EXPRESS
ADD CONSTRAINT FK_FacturasServicioExpres
FOREIGN KEY (ID_Factura) REFERENCES FACTURAS(ID_Facturas);

ALTER TABLE CREDITOS
ADD CONSTRAINT FK_FacturasCreditos
FOREIGN KEY (ID_Factura) REFERENCES FACTURAS(ID_Facturas);

ALTER TABLE DESPACHO
ADD CONSTRAINT FK_FacturasDespacho
FOREIGN KEY (ID_Factura) REFERENCES FACTURAS(ID_Facturas);

ALTER TABLE FACTURA_PROMOCION
ADD CONSTRAINT FK_FacturasFacturaPromocion
FOREIGN KEY (ID_Factura) REFERENCES FACTURAS(ID_Facturas);

ALTER TABLE FACTURA_PROMOCION
ADD CONSTRAINT FK_PromocionesFacturaPromocion
FOREIGN KEY (ID_Promocion) REFERENCES PROMOCIONES(ID_Promocion);

ALTER TABLE COBROS
ADD CONSTRAINT FK_FacturasCobros
FOREIGN KEY (ID_Factura) REFERENCES FACTURAS(ID_Facturas);

ALTER TABLE COBROS
ADD CONSTRAINT FK_CajasCobros
FOREIGN KEY (ID_Caja) REFERENCES CAJAS(ID_Caja);

ALTER TABLE CAJAS
ADD CONSTRAINT FK_PersonalCajas
FOREIGN KEY (ID_Personal) REFERENCES PERSONAL(ID_Personal);

ALTER TABLE Puestos
ADD CONSTRAINT FK_DepartamentosPuestos
FOREIGN KEY (ID_Departamento) REFERENCES DEPARTAMENTOS(ID_Departamento);

ALTER TABLE REQUISITOS_PUESTO
ADD CONSTRAINT FK_PuestosRequisitosPuesto
FOREIGN KEY (ID_Puestos) REFERENCES PUESTOS(ID_Puestos);

ALTER TABLE PERSONAL
ADD CONSTRAINT FK_PuestosPersonal
FOREIGN KEY (ID_Puesto) REFERENCES PUESTOS(ID_Puestos);

ALTER TABLE USUARIOS
ADD CONSTRAINT FK_PersonalUsuarios
FOREIGN KEY (ID_Personal) REFERENCES PERSONAL(ID_Personal);

ALTER TABLE USUARIO_ROL
ADD CONSTRAINT FK_UsuariosUsuariosRol
FOREIGN KEY (ID_Usuario) REFERENCES USUARIOS(ID_Usuario);

ALTER TABLE USUARIO_ROL
ADD CONSTRAINT FK_RolUsuariosRol
FOREIGN KEY (ID_Roles) REFERENCES ROLES(ID_Roles);

ALTER TABLE MARCAS
ADD CONSTRAINT FK_PersonalMarcas
FOREIGN KEY (ID_Personal) REFERENCES PERSONAL(ID_Personal);

ALTER TABLE VACACIONES
ADD CONSTRAINT FK_PersonalVacaciones
FOREIGN KEY (ID_Personal) REFERENCES PERSONAL(ID_Personal);

ALTER TABLE NOMINA_PERSONAL
ADD CONSTRAINT FK_NominaNominaPersonal
FOREIGN KEY (ID_Nomina) REFERENCES NOMINA(ID_Nomina);

--ALTER TABLE NOMINA_PERSONAL DROP CONSTRAINT FK_NominaNominaPersonal
ALTER TABLE NOMINA_PERSONAL
ADD CONSTRAINT FK_PersonalNominaPersonal
FOREIGN KEY (ID_Personal) REFERENCES PERSONAL(ID_Personal);

ALTER TABLE CAMPA_AS
ADD CONSTRAINT FK_DistritosCampanas
FOREIGN KEY (ID_Distritos) REFERENCES DISTRITOS(ID_Distritos);

ALTER TABLE CAMPA_AS_PARTICIPANTES
ADD CONSTRAINT FK_CampanasCampanasParticipantes
FOREIGN KEY (ID_Campa_as) REFERENCES CAMPA_AS(ID_Campa_as);

ALTER TABLE CAMPA_AS_PARTICIPANTES
ADD CONSTRAINT FK_ClientesCampanasParticipantes
FOREIGN KEY (ID_Cliente) REFERENCES CLIENTES(ID_Cliente);

ALTER TABLE ANUNCIOS_ENVIADOS
ADD CONSTRAINT AnunciosAnunciosEnviados
FOREIGN KEY (ID_Anuncios) REFERENCES ANUNCIOS(ID_Anuncios);

ALTER TABLE ANUNCIOS_ENVIADOS
ADD CONSTRAINT ClientesAnunciosEnviados
FOREIGN KEY (ID_Cliente) REFERENCES CLIENTES(ID_Cliente);

ALTER TABLE REQUISITOS_PARTICIPANTES
ADD CONSTRAINT RequisitosPuestoRequisitosParticipanes
FOREIGN KEY (ID_Requisitos) REFERENCES REQUISITOS_PUESTO(ID_Requisitos);

ALTER TABLE REQUISITOS_PARTICIPANTES
ADD CONSTRAINT ParticipantesRequisitosParticipanes
FOREIGN KEY (ID_Participantes) REFERENCES PARTICIPANTES(ID_Participantes);

ALTER TABLE PARTICIPANTES
ADD CONSTRAINT ReclutamientoParticipantes
FOREIGN KEY (ID_Reclutamiento) REFERENCES RECLUTAMIENTO(ID_Reclutamiento);

ALTER TABLE PRUEBAS_PARTICIPANTES
ADD CONSTRAINT PruebasPruebasParticipantes
FOREIGN KEY (ID_Pruebas) REFERENCES PRUEBAS(ID_Pruebas);

ALTER TABLE PRUEBAS_PARTICIPANTES
ADD CONSTRAINT ParticipantesPruebasParticipantes
FOREIGN KEY (ID_Participantes) REFERENCES PARTICIPANTES(ID_Participantes);


--ALTER TABLE ESTADOS_TABLAS DROP CONSTRAINT FK_TablasTablasEstados;
ALTER TABLE ESTADOS_TABLAS
ADD CONSTRAINT FK_TablasTablasEstados
FOREIGN KEY (ID_Tabla) REFERENCES TABLAS(ID_Tabla);

ALTER TABLE ESTADOS_TABLAS
ADD CONSTRAINT FK_EstadosTablasEstados
FOREIGN KEY (ID_Estados) REFERENCES ESTADOS(ID_Estados);

ALTER TABLE SERVICIOS_EXPRESS
ADD CONSTRAINT FK_ServicioExpressEstados
FOREIGN KEY (Estado) REFERENCES ESTADOS(ID_Estados);

ALTER TABLE PERSONAL
ADD CONSTRAINT FK_PersonalEstados
FOREIGN KEY (Estado) REFERENCES ESTADOS(ID_Estados);

ALTER TABLE USUARIOS
ADD CONSTRAINT FK_UsuariosEstados
FOREIGN KEY (Estado) REFERENCES ESTADOS(ID_Estados);

ALTER TABLE CAMPA_AS
ADD CONSTRAINT FK_CampanasEstados
FOREIGN KEY (Estado) REFERENCES ESTADOS(ID_Estados);

ALTER TABLE ROLES
ADD CONSTRAINT FK_RolesEstados
FOREIGN KEY (Estado) REFERENCES ESTADOS(ID_Estados);

ALTER TABLE ANUNCIOS
ADD CONSTRAINT FK_AnunciosEstados
FOREIGN KEY (Estado) REFERENCES ESTADOS(ID_Estados);

ALTER TABLE RECLUTAMIENTO
ADD CONSTRAINT FK_ReclutamientolEstados
FOREIGN KEY (Estado) REFERENCES ESTADOS(ID_Estados);

ALTER TABLE PARTICIPANTES
ADD CONSTRAINT FK_ParticipantesEstados
FOREIGN KEY (Estado) REFERENCES ESTADOS(ID_Estados);

ALTER TABLE SOLICITUD_COMPRA
ADD CONSTRAINT FK_SolicitudCompraEstados
FOREIGN KEY (Estado) REFERENCES ESTADOS(ID_Estados);

ALTER TABLE RESULTADO_LABORATORIO
ADD CONSTRAINT FK_ResultadoLaboratorioEstados
FOREIGN KEY (Estado) REFERENCES ESTADOS(ID_Estados);

ALTER TABLE INVENTARIO
ADD CONSTRAINT FK_InventarioEstados
FOREIGN KEY (Estado) REFERENCES ESTADOS(ID_Estados);

ALTER TABLE DESPACHO
ADD CONSTRAINT FK_DespachoEstados
FOREIGN KEY (Estado) REFERENCES ESTADOS(ID_Estados);

ALTER TABLE PROMOCIONES
ADD CONSTRAINT FK_PromocionesEstados
FOREIGN KEY (Estado) REFERENCES ESTADOS(ID_Estados);

ALTER TABLE MASCOTAS
ADD CONSTRAINT FK_MascotasEstados
FOREIGN KEY (Estado) REFERENCES ESTADOS(ID_Estados);

ALTER TABLE CLIENTES
ADD CONSTRAINT FK_ClientesEstados
FOREIGN KEY (Estado) REFERENCES ESTADOS(ID_Estados);

ALTER TABLE CITAS
ADD CONSTRAINT FK_CitasEstados
FOREIGN KEY (Estado) REFERENCES ESTADOS(ID_Estados);

ALTER TABLE FACTURAS
ADD CONSTRAINT FK_FacturasEstados
FOREIGN KEY (Estado) REFERENCES ESTADOS(ID_Estados);

ALTER TABLE CAJAS
ADD CONSTRAINT FK_CajasEstados
FOREIGN KEY (Estado) REFERENCES ESTADOS(ID_Estados);

INSERT INTO PROVINCIAS(ID_Provincias, Nombre) VALUES
(1, 'SAN JOSE'),
(2, 'ALAJUELA'),
(3, 'CARTAGO'),
(4, 'HEREDIA'),
(5, 'GUANACASTE'),
(6, 'PUNTARENAS'),
(7, 'LIMON');

INSERT INTO CANTONES(ID_Cantones, ID_Provincias, Nombre) VALUES
(1, 1, 'SAN JOSE'),
(2, 1, 'ESCAZU'),
(3, 1, 'DESAMPARADOS'),
(4, 1, 'PURISCAL'),
(5, 1, 'TARRAZU'),
(6, 1, 'ASERRI'),
(7, 1, 'MORA'),
(8, 1, 'GOICOECHEA'),
(9, 1, 'SANTA ANA'),
(10, 1, 'ALAJUELITA'),
(11, 1, 'VAZQUEZ DE CORONADO'),
(12, 1, 'ACOSTA'),
(13, 1, 'TIBAS'),
(14, 1, 'MORAVIA'),
(15, 1, 'MONTES DE OCA'),
(16, 1, 'TURRUBARES'),
(17, 1, 'DOTA'),
(18, 1, 'CURRIDABAT'),
(19, 1, 'PEREZ ZELEDON'),
(20, 1, 'LEON CORTES'),
(21, 2, 'ALAJUELA'),
(22, 2, 'SAN RAMON'),
(23, 2, 'GRECIA'),
(24, 2, 'SAN MATEO'),
(25, 2, 'ATENAS'),
(26, 2, 'NARANJO'),
(27, 2, 'PALMARES'),
(28, 2, 'POAS'),
(29, 2, 'OROTINA'),
(30, 2, 'SAN CARLOS'),
(31, 2, 'ALFARO RUIZ'),
(32, 2, 'VALVERDE VEGA'),
(33, 2, 'UPALA'),
(34, 2, 'LOS CHILES'),
(35, 2, 'GUATUSO'),
(36, 3, 'CARTAGO'),
(37, 3, 'PARAISO'),
(38, 3, 'LA UNION'),
(39, 3, 'JIMENEZ'),
(40, 3, 'TURRIALBA'),
(41, 3, 'ALVARADO'),
(42, 3, 'OREAMUNO'),
(43, 3, 'EL GUARCO'),
(44, 4, 'HEREDIA'),
(45, 4, 'BARVA'),
(46, 4, 'SANTO DOMINGO'),
(47, 4, 'SANTA BARBARA'),
(48, 4, 'SAN RAFAEL'),
(49, 4, 'SAN ISIDRO'),
(50, 4, 'BELEN'),
(51, 4, 'FLORES'),
(52, 4, 'SAN PABLO'),
(53, 4, 'SARAPIQUI'),
(54, 5, 'LIBERIA'),
(55, 5, 'NICOYA'),
(56, 5, 'SANTA CRUZ'),
(57, 5, 'BAGACES'),
(58, 5, 'CARRILLO'),
(59, 5, 'CAÑAS'),
(60, 5, 'ABANGARES'),
(61, 5, 'TILARAN'),
(62, 5, 'NANDAYURE'),
(63, 5, 'LA CRUZ'),
(64, 5, 'HOJANCHA'),
(65, 6, 'PUNTARENAS'),
(66, 6, 'ESPARZA'),
(67, 6, 'BUENOS AIRES'),
(68, 6, 'MONTES DE ORO'),
(69, 6, 'OSA'),
(70, 6, 'AGUIRRE'),
(71, 6, 'GOLFITO'),
(72, 6, 'COTO BRUS'),
(73, 6, 'PARRITA'),
(74, 6, 'CORREDORES'),
(75, 6, 'GARABITO'),
(76, 7, 'LIMON'),
(77, 7, 'POCOCI'),
(78, 7, 'SIQUIRRES'),
(79, 7, 'TALAMANCA'),
(80, 7, 'MATINA'),
(81, 7, 'GUACIMO');



INSERT INTO DISTRITOS(ID_Distritos, ID_Cantones, Nombre) VALUES
(561, 1, 'CARMEN'),
(562, 1, 'MERCED'),
(563, 1, 'HOSPITAL'),
(564, 1, 'CATEDRAL'),
(565, 1, 'ZAPOTE'),
(566, 1, 'SAN FRANCISCO DE DOS RIOS'),
(567, 1, 'URUCA'),
(568, 1, 'MATA REDONDA'),
(569, 1, 'PAVAS'),
(570, 1, 'HATILLO'),
(571, 1, 'SAN SEBASTIAN'),
(572, 2, 'ESCAZU'),
(573, 2, 'SAN ANTONIO'),
(574, 2, 'SAN RAFAEL'),
(575, 3, 'DESAMPARADOS'),
(576, 3, 'SAN MIGUEL'),
(577, 3, 'SAN JUAN DE DIOS'),
(578, 3, 'SAN RAFAEL ARRIBA'),
(579, 3, 'SAN ANTONIO'),
(580, 3, 'FRAILES'),
(581, 3, 'PATARRA'),
(582, 3, 'SAN CRISTOBAL'),
(583, 3, 'ROSARIO'),
(584, 3, 'DAMAS'),
(585, 3, 'SAN RAFAEL ABAJO'),
(586, 3, 'GRAVILIAS'),
(587, 3, 'LOS GUIDO'),
(588, 4, 'SANTIAGO'),
(589, 4, 'MERCEDES SUR'),
(590, 4, 'BARBACOAS'),
(591, 4, 'GRIFO ALTO'),
(592, 4, 'SAN RAFAEL'),
(593, 4, 'CANDELARITA'),
(594, 4, 'DESAMPARADITOS'),
(595, 4, 'SAN ANTONIO'),
(596, 4, 'CHIRES'),
(597, 5, 'SAN MARCOS'),
(598, 5, 'SAN LORENZO'),
(599, 5, 'SAN CARLOS'),
(600, 6, 'ASERRI'),
(601, 6, 'TARBACA'),
(602, 6, 'VUELTA DE JORCO'),
(603, 6, 'SAN GABRIEL'),
(604, 6, 'LEGUA'),
(605, 6, 'MONTERREY'),
(606, 6, 'SALITRILLOS'),
(607, 7, 'COLON'),
(608, 7, 'GUAYABO'),
(609, 7, 'TABARCIA'),
(610, 7, 'PIEDRAS NEGRAS'),
(611, 7, 'PICAGRES'),
(612, 8, 'GUADALUPE'),
(613, 8, 'SAN FRANCISCO'),
(614, 8, 'CALLE BLANCOS'),
(615, 8, 'MATA DE PLATANO'),
(616, 8, 'IPIS'),
(617, 8, 'RANCHO REDONDO'),
(618, 8, 'PURRAL'),
(619, 9, 'SANTA ANA'),
(620, 9, 'SALITRAL'),
(621, 9, 'POZOS'),
(622, 9, 'URUCA'),
(623, 9, 'PIEDADES'),
(624, 9, 'BRASIL'),
(625, 10, 'ALAJUELITA'),
(626, 10, 'SAN JOCESITO'),
(627, 10, 'SAN ANTONIO'),
(628, 10, 'CONCEPCION'),
(629, 10, 'SAN FELIPE'),
(630, 11, 'SAN ISIDRO'),
(631, 11, 'SAN RAFAEL'),
(632, 11, 'DULCE NOMBRE DE JESUS'),
(633, 11, 'PATALILLO'),
(634, 11, 'CASCAJAL'),
(635, 12, 'SAN IGNACIO'),
(636, 12, 'GUAITIL'),
(637, 12, 'PALMICHAL'),
(638, 12, 'CANGREJAL'),
(639, 12, 'SABANILLAS'),
(640, 13, 'SAN JUAN'),
(641, 13, 'CINCO ESQUINAS'),
(642, 13, 'ANSELMO LLORENTE'),
(643, 13, 'LEON XIII'),
(644, 13, 'COLIMA'),
(645, 14, 'SAN VICENTE'),
(646, 14, 'SAN JERONIMO'),
(647, 14, 'TRINIDAD'),
(648, 15, 'SAN PEDRO'),
(649, 15, 'SABANILLA'),
(650, 15, 'MERCEDES'),
(651, 15, 'SAN RAFAEL'),
(652, 16, 'SAN PABLO'),
(653, 16, 'SAN PEDRO'),
(654, 16, 'SAN JUAN DE MATA'),
(655, 16, 'SAN LUIS'),
(656, 16, 'CARARA'),
(657, 17, 'SANTA MARIA'),
(658, 17, 'JARDIN'),
(659, 17, 'COPEY'),
(660, 18, 'CURRIDABAT'),
(661, 18, 'GRANADILLA'),
(662, 18, 'SANCHEZ'),
(663, 18, 'TIRRASES'),
(664, 19, 'SAN ISIDRO DEL GENERAL'),
(665, 19, 'GENERAL'),
(666, 19, 'DANIEL FLORES'),
(667, 19, 'RIVAS'),
(668, 19, 'SAN PEDRO'),
(669, 19, 'PLATANARES'),
(670, 19, 'PEJIBAYE'),
(671, 19, 'CAJON'),
(672, 19, 'BARU'),
(673, 19, 'RIO NUEVO'),
(674, 19, 'PARAMO'),
(675, 20, 'SAN PABLO'),
(676, 20, 'SAN ANDRES'),
(677, 20, 'LLANO BONITO'),
(678, 20, 'SAN ISIDRO'),
(679, 20, 'SANTA CRUZ'),
(680, 20, 'SAN ANTONIO'),
(681, 21, 'ALAJUELA'),
(682, 21, 'SAN JOSE'),
(683, 21, 'CARRIZAL'),
(684, 21, 'SAN ANTONIO'),
(685, 21, 'GUACIMA'),
(686, 21, 'SAN ISIDRO'),
(687, 21, 'SABANILLA'),
(688, 21, 'SAN RAFAEL'),
(689, 21, 'RIO SEGUNDO'),
(690, 21, 'DESAMPARADOS'),
(691, 21, 'TURRUCARES'),
(692, 21, 'TAMBOR'),
(693, 21, 'GARITA'),
(694, 21, 'SARAPIQUI'),
(695, 22, 'SAN RAMON'),
(696, 22, 'SANTIAGO'),
(697, 22, 'SAN JUAN'),
(698, 22, 'PIEDADES NORTE'),
(699, 22, 'PIEDADES SUR'),
(700, 22, 'SAN RAFAEL'),
(701, 22, 'SAN ISIDRO'),
(702, 22, 'ANGELES'),
(703, 22, 'ALFARO'),
(704, 22, 'VOLIO'),
(705, 22, 'CONCEPCION'),
(706, 22, 'ZAPOTAL'),
(707, 22, 'PENAS BLANCAS'),
(708, 23, 'GRECIA'),
(709, 23, 'SAN ISIDRO'),
(710, 23, 'SAN JOSE'),
(711, 23, 'SAN ROQUE'),
(712, 23, 'TACARES'),
(713, 23, 'RIO CUARTO'),
(714, 23, 'PUENTE DE PIEDRA'),
(715, 23, 'BOLIVAR'),
(716, 24, 'SAN MATEO'),
(717, 24, 'DESMONTE'),
(718, 24, 'JESUS MARIA'),
(719, 25, 'ATENAS'),
(720, 25, 'JESUS'),
(721, 25, 'MERCEDES'),
(722, 25, 'SAN ISIDRO'),
(723, 25, 'CONCEPCION'),
(724, 25, 'SAN JOSE'),
(725, 25, 'SANTA EULALIA'),
(726, 25, 'ESCOBAL'),
(727, 26, 'NARANJO'),
(728, 26, 'SAN MIGUEL'),
(729, 26, 'SAN JOSE'),
(730, 26, 'CIRRI SUR'),
(731, 26, 'SAN JERONIMO'),
(732, 26, 'SAN JUAN'),
(733, 26, 'ROSARIO'),
(734, 26, 'PALMITOS'),
(735, 27, 'PALMARES'),
(736, 27, 'ZARAGOZA'),
(737, 27, 'BUENOS AIRES'),
(738, 27, 'SANTIAGO'),
(739, 27, 'CANDELARIA'),
(740, 27, 'ESQUIPULAS'),
(741, 27, 'LA GRANJA'),
(742, 28, 'SAN PEDRO'),
(743, 28, 'SAN JUAN'),
(744, 28, 'SAN RAFAEL'),
(745, 28, 'CARRILLOS'),
(746, 28, 'SABANA REDONDA'),
(747, 29, 'OROTINA'),
(748, 29, 'EL MASTATE'),
(749, 29, 'HACIENDA VIEJA'),
(750, 29, 'COYOLAR'),
(751, 29, 'LA CEIBA'),
(752, 30, 'QUESADA'),
(753, 30, 'FLORENCIA'),
(754, 30, 'BUENA VISTA'),
(755, 30, 'AGUAS ZARCAS'),
(756, 30, 'VENECIA'),
(757, 30, 'PITAL'),
(758, 30, 'LA FORTUNA'),
(759, 30, 'LA TIGRA'),
(760, 30, 'LA PALMERA'),
(761, 30, 'VENADO'),
(762, 30, 'CUTRIS'),
(763, 30, 'MONTERREY'),
(764, 30, 'POCOSOL'),
(765, 31, 'ZARCERO'),
(766, 31, 'LAGUNA'),
(767, 31, 'TAPESCO'),
(768, 31, 'GUADALUPE'),
(769, 31, 'PALMIRA'),
(770, 31, 'ZAPOTE'),
(771, 31, 'BRISAS'),
(772, 32, 'SARCHI NORTE'),
(773, 32, 'SARCHI SUR'),
(774, 32, 'TORO AMARILLO'),
(775, 32, 'SAN PEDRO'),
(776, 32, 'RODRIGUEZ'),
(777, 33, 'UPALA'),
(778, 33, 'AGUAS CLARAS'),
(779, 33, 'SAN JOSE'),
(780, 33, 'BIJAGUA'),
(781, 33, 'DELICIAS'),
(782, 33, 'DOS RIOS'),
(783, 33, 'YOLILLAL'),
(784, 34, 'LOS CHILES'),
(785, 34, 'CANO NEGRO'),
(786, 34, 'EL AMPARO'),
(787, 34, 'SAN JORGE'),
(788, 35, 'SAN RAFAEL'),
(789, 35, 'BUENAVISTA'),
(790, 35, 'COTE'),
(791, 35, 'KATIRA'),
(792, 36, 'ORIENTAL'),
(793, 36, 'OCCIDENTAL'),
(794, 36, 'CARMEN'),
(795, 36, 'SAN NICOLAS'),
(796, 36, 'AGUACALIENTE'),
(797, 36, 'GUADALUPE'),
(798, 36, 'CORRALILLO'),
(799, 36, 'TIERRA BLANCA'),
(800, 36, 'DULCE NOMBRE'),
(801, 36, 'LLANO GRANDE'),
(802, 36, 'QUEBRADILLA'),
(803, 37, 'PARAISO'),
(804, 37, 'SANTIAGO'),
(805, 37, 'OROSI'),
(806, 37, 'CACHI'),
(807, 37, 'LLANOS DE SANTA LUCIA'),
(808, 38, 'TRES RIOS'),
(809, 38, 'SAN DIEGO'),
(810, 38, 'SAN JUAN'),
(811, 38, 'SAN RAFAEL'),
(812, 38, 'CONCEPCION'),
(813, 38, 'DULCE NOMBRE'),
(814, 38, 'SAN RAMON'),
(815, 38, 'RIO AZUL'),
(816, 39, 'JUAN VIÑAS'),
(817, 39, 'TUCURRIQUE'),
(818, 39, 'PEJIBAYE'),
(819, 40, 'TURRIALBA'),
(820, 40, 'LA SUIZA'),
(821, 40, 'PERALTA'),
(822, 40, 'SANTA CRUZ'),
(823, 40, 'SANTA TERESITA'),
(824, 40, 'PAVONES'),
(825, 40, 'TUIS'),
(826, 40, 'TAYUTIC'),
(827, 40, 'SANTA ROSA'),
(828, 40, 'TRES EQUIS'),
(829, 40, 'LA ISABEL'),
(830, 40, 'CHIRRIPÒ'),
(831, 41, 'PACAYAS'),
(832, 41, 'CERVANTES'),
(833, 41, 'CAPELLADES'),
(834, 42, 'SAN RAFAEL'),
(835, 42, 'COT'),
(836, 42, 'POTRERO CERRADO'),
(837, 42, 'CIPRESES'),
(838, 42, 'SANTA ROSA'),
(839, 43, 'TEJAR'),
(840, 43, 'SAN ISIDRO'),
(841, 43, 'TOBOSI'),
(842, 43, 'PATIO DE AGUA'),
(843, 44, 'HEREDIA'),
(844, 44, 'MERCEDES'),
(845, 44, 'SAN FRANCISCO'),
(846, 44, 'ULLOA'),
(847, 44, 'VARABLANCA'),
(848, 45, 'BARVA'),
(849, 45, 'SAN PEDRO'),
(850, 45, 'SAN PABLO'),
(851, 45, 'SAN ROQUE'),
(852, 45, 'SANTA LUCIA'),
(853, 45, 'SAN JOSE DE LA MONTAÑA'),
(854, 46, 'SANTO DOMINGO'),
(855, 46, 'SAN VICENTE'),
(856, 46, 'SAN MIGUEL'),
(857, 46, 'PARACITO'),
(858, 46, 'SANTO TOMAS'),
(859, 46, 'SANTA ROSA'),
(860, 46, 'TURES'),
(861, 46, 'PARA'),
(862, 47, 'SANTA BARBARA'),
(863, 47, 'SAN PEDRO'),
(864, 47, 'SAN JUAN'),
(865, 47, 'JESUS'),
(866, 47, 'SANTO DOMINGO'),
(867, 47, 'PURABA'),
(868, 48, 'SAN RAFAEL'),
(869, 48, 'SAN JOSECITO'),
(870, 48, 'SANTIAGO'),
(871, 48, 'ANGELES'),
(872, 48, 'CONCEPCION'),
(873, 49, 'SAN ISIDRO'),
(874, 49, 'SAN JOSE'),
(875, 49, 'CONCEPCION'),
(876, 49, 'SAN FRANCISCO'),
(877, 50, 'SAN ANTONIO'),
(878, 50, 'LA RIBERA'),
(879, 50, 'LA ASUNCION'),
(880, 51, 'SAN JOAQUIN'),
(881, 51, 'BARRANTES'),
(882, 51, 'LLORENTE'),
(883, 52, 'SAN PABLO'),
(884, 52, 'RINCON DE SEBADILLA'),
(885, 53, 'PUERTO VIEJO'),
(886, 53, 'LA VIRGEN'),
(887, 53, 'LAS HORQUETAS'),
(888, 53, 'LLANURAS DEL GASPAR'),
(889, 53, 'CUREÑA'),
(890, 54, 'LIBERIA'),
(891, 54, 'CANAS DULCES'),
(892, 54, 'MAYORGA'),
(893, 54, 'NACASCOLO'),
(894, 54, 'CURUBANDE'),
(895, 55, 'NICOYA'),
(896, 55, 'MANSION'),
(897, 55, 'SAN ANTONIO'),
(898, 55, 'QUEBRADA HONDA'),
(899, 55, 'SAMARA'),
(900, 55, 'NOSARA'),
(901, 55, 'BELEN DE NOSARITA'),
(902, 56, 'SANTA CRUZ'),
(903, 56, 'BOLSON'),
(904, 56, 'VEINTISIETE DE ABRIL'),
(905, 56, 'TEMPATE'),
(906, 56, 'CARTAGENA'),
(907, 56, 'CUAJINIQUIL'),
(908, 56, 'DIRIA'),
(909, 56, 'CABO VELAS'),
(910, 56, 'TAMARINDO'),
(911, 57, 'BAGACES'),
(912, 57, 'LA FORTUNA'),
(913, 57, 'MOGOTE'),
(914, 57, 'RIO NARANJO'),
(915, 58, 'FILADELFIA'),
(916, 58, 'PALMIRA'),
(917, 58, 'SARDINAL'),
(918, 58, 'BELEN'),
(919, 59, 'CAÑAS'),
(920, 59, 'PALMIRA'),
(921, 59, 'SAN MIGUEL'),
(922, 59, 'BEBEDERO'),
(923, 59, 'POROZAL'),
(924, 60, 'JUNTAS'),
(925, 60, 'SIERRA'),
(926, 60, 'SAN JUAN'),
(927, 60, 'COLORADO'),
(928, 61, 'TILARAN'),
(929, 61, 'QUEBRADA GRANDE'),
(930, 61, 'TRONADORA'),
(931, 61, 'SANTA ROSA'),
(932, 61, 'LIBANO'),
(933, 61, 'TIERRAS MORENAS'),
(934, 61, 'ARENAL'),
(935, 62, 'CARMONA'),
(936, 62, 'SANTA RITA'),
(937, 62, 'ZAPOTAL'),
(938, 62, 'SAN PABLO'),
(939, 62, 'PORVENIR'),
(940, 62, 'BEJUCO'),
(941, 63, 'LA CRUZ'),
(942, 63, 'SANTA CECILIA'),
(943, 63, 'LA GARITA'),
(944, 63, 'SANTA ELENA'),
(945, 64, 'HOJANCHA'),
(946, 64, 'MONTE ROMO'),
(947, 64, 'PUERTO CARRILLO'),
(948, 64, 'HUACAS'),
(949, 65, 'PUNTARENAS'),
(950, 65, 'PITAHAYA'),
(951, 65, 'CHOMES'),
(952, 65, 'LEPANTO'),
(953, 65, 'PAQUERA'),
(954, 65, 'MANZANILLO'),
(955, 65, 'GUACIMAL'),
(956, 65, 'BARRANCA'),
(957, 65, 'MONTE VERDE'),
(958, 65, 'ISLA DEL COCO'),
(959, 65, 'COBANO'),
(960, 65, 'CHACARITA'),
(961, 65, 'CHIRA'),
(962, 65, 'ACAPULCO'),
(963, 65, 'EL ROBLE'),
(964, 65, 'ARANCIBIA'),
(965, 66, 'ESPIRITU SANTO'),
(966, 66, 'SAN JUAN GRANDE'),
(967, 66, 'MACACONA'),
(968, 66, 'SAN RAFAEL'),
(969, 66, 'SAN JERONIMO'),
(970, 67, 'BUENOS AIRES'),
(971, 67, 'VOLCAN'),
(972, 67, 'POTRERO GRANDE'),
(973, 67, 'BORUCA'),
(974, 67, 'PILAS'),
(975, 67, 'COLINAS'),
(976, 67, 'CHANGUENA'),
(977, 67, 'BIOLLEY'),
(978, 67, 'BRUNKA'),
(979, 68, 'MIRAMAR'),
(980, 68, 'LA UNION'),
(981, 68, 'SAN ISIDRO'),
(982, 69, 'PUERTO CORTES'),
(983, 69, 'PALMAR'),
(984, 69, 'SIERPE'),
(985, 69, 'BAHIA BALLENA'),
(986, 69, 'PIEDRAS BLANCAS'),
(987, 70, 'QUEPOS'),
(988, 70, 'SAVEGRE'),
(989, 70, 'NARANJITO'),
(990, 71, 'GOLFITO'),
(991, 71, 'PUERTO JIMENEZ'),
(992, 71, 'GUAYCARA'),
(993, 71, 'PAVON'),
(994, 72, 'SAN VITO'),
(995, 72, 'SABALITO'),
(996, 72, 'AGUABUENA'),
(997, 72, 'LIMONCITO'),
(998, 72, 'PITTIER'),
(999, 73, 'PARRITA'),
(1000, 74, 'CORREDOR'),
(1001, 74, 'LA CUESTA'),
(1002, 74, 'CANOAS'),
(1003, 74, 'LAUREL'),
(1004, 75, 'JACO'),
(1005, 75, 'TARCOLES'),
(1006, 76, 'LIMON'),
(1007, 76, 'VALLE DE LA ESTRELLA'),
(1008, 76, 'RIO BLANCO'),
(1009, 76, 'MATAMA'),
(1010, 77, 'GUAPILES'),
(1011, 77, 'JIMENEZ'),
(1012, 77, 'RITA'),
(1013, 77, 'ROXANA'),
(1014, 77, 'CARIARI'),
(1015, 77, 'COLORADO'),
(1016, 78, 'SIQUIRRES'),
(1017, 78, 'PACUARITO'),
(1018, 78, 'FLORIDA'),
(1019, 78, 'GERMANIA'),
(1020, 78, 'EL CAIRO'),
(1021, 78, 'ALEGRIA'),
(1022, 79, 'BRATSI'),
(1023, 79, 'SIXAOLA'),
(1024, 79, 'CAHUITA'),
(1025, 79, 'TELIRE'),
(1026, 80, 'MATINA'),
(1027, 80, 'BATAN'),
(1028, 80, 'CARRANDI'),
(1029, 81, 'GUACIMO'),
(1030, 81, 'MERCEDES'),
(1031, 81, 'POCORA'),
(1032, 81, 'RIO JIMENEZ'),
(1033, 81, 'DUACARI');

INSERT INTO TIPO_ANIMAL (Tipo) values
('Perro'),
('Gatos'),
('Aves'),
('Ganado'),
('Roedor'),
('Pez');

INSERT INTO TIPO_CONSULTORIO (Nombre) values
('Medico'),
('Laboratorio'),
('Cirugia');

INSERT INTO ROLES (ID_Roles,Nombre) VALUES
(0,'Administrador'),
(1,'Gerente'),
(2,'Medico'),
(3,'Medico Especialista'),
(4,'Encargado Laboratorio'),
(5,'Asistente Administrativo/Servicios'),
(6,'Encargado de Bodega'),
(7,'Tesorero'),
(8,'Cajero'),
(9,'Recursos Humanos');

INSERT INTO DEPARTAMENTOS (ID_Departamento,Nombre) VALUES
(1,'Administracion'),
(2,'Asistencia Medica'),
(3,'Suministros'),
(4,'Contabilidad'),
(5,'RRHH'),
(6,'Marketing'),
(7,'Limpieza'),
(8,'Seguridad');

INSERT INTO PUESTOS (ID_Puestos,ID_Departamento,Nombre) VALUES
(1,1,'Administrador'),
(2,1,'Gerente'),
(3,1,'Asistente Administrativo'),
(4,2,'Asistente Medico'),
(5,2,'Medico General'),
(6,2,'Medico Especialista'),
(7,2,'Encargado de laboratorio'),
(8,1,'Mensajero'),
(9,3,'Encargado de bodega'),
(10,4,'Tosoreria'),
(11,4,'Cajero'),
(12,5,'Encargada de RRHH'),
(13,5,'Asistente de RRHH'),
(14,6,'Encargada de Marketing'),
(15,7,'Miselanio'),
(16,8,'Guarda');


INSERT INTO TABLAS (ID_Tabla,Nombre) VALUES
(1,'Peronal'),
(2,'Usuarios'),
(3,'Roles'),
(4,'Clientes'),
(5,'Mascotas'),
(6,'Reclutamiento'),
(7,'Participantes'),
(8,'Inventario'),
(9,'Despacho'),
(10,'Solicitud de Compra'),
(11,'Citas'),
(12,'Facturas'),
(13,'Cajas'),
(14,'Campañas'),
(15,'Anuncios'),
(16,'Promociones'),
(17,'Resultado Laboratorio'),
(18,'Servicio Expres');

INSERT INTO ESTADOS (ID_Estados,Nombre) VALUES
(1,'Pendiente'),
(2,'En curso'),
(3,'Entregado'),
(4,'Bloqueado'),
(5,'Activo'),
(6,'Despedido'),
(7,'Suspendido'),
(8,'Habilitado'),
(9,'Bloqueado'),
(10,'Desabilitado'),
(11,'Creado'),
(12,'Finalizado'),
(13,'Disponible'),
(14,'Enviado'),
(15,'Iniciado'),
(16,'Lleno'),
(17,'Finalizado'),
(18,'Aceptado'),
(19,'Rechazado'),
(20,'Aprobado'),
(21,'Pagado'),
(22,'Cerrado'),
(23,'Verde'),
(24,'Amarillo'),
(25,'Rojo'),
(26,'Por Agotarse'),
(27,'Por Entregar'),
(28,'Entregado'),
(29,'Sano'),
(30,'Problemas Menores'),
(31,'Enfermo'),
(32,'Muerto'),
(33,'Vetado'),
(34,'Agendado'),
(35,'Cancelado'),
(36,'En credito'),
(37,'Anulado'),
(38,'Abierta'),
(39,'Eliminado'),
(40,'Agotado');

INSERT INTO ESTADOS_TABLAS (ID_Estados,ID_Tabla) VALUES
(1,18),
(2,18),
(3,18),
(4,18),
(5,1),
(6,1),
(7,1),
(8,2),
(9,2),
(10,2),
(11,14),
(12,14),
(13,3),
(39,3),
(11,15),
(14,15),
(11,6),
(15,6),
(16,6),
(17,6),
(18,7),
(19,7),
(1,10),
(20,10),
(21,10),
(22,10),
(23,17),
(24,17),
(25,17),
(13,8),
(26,8),
(40,8),
(27,9),
(28,9),
(5,16),
(12,16),
(29,5),
(30,5),
(31,5),
(32,5),
(5,4),
(33,4),
(34,11),
(2,11),
(17,11),
(35,11),
(20,12),
(21,12),
(36,12),
(37,12),
(38,13),
(22,13);

INSERT INTO PERSONAL (Nombre,Apellido_1,Apellido_2,Cedula,Estado) VALUES
('Admin','-','-',0,5);

INSERT INTO USUARIOS (ID_Personal,Estado,UserName,Pass) VALUES
(1,8,'admin','admin');

INSERT INTO USUARIO_ROL (ID_Usuario,ID_Roles) VALUES
(1,1);


--SELECT E.Nombre FROM ESTADOS E, ESTADOS_TABLAS ET WHERE ET.ID_Tabla = 5 AND E.ID_Estados = ET.ID_Estados;

Select * from PERSONAL;

--SELECT TIMESTAMP("2017-07-23"); 